name,email,college,paymentStatus
"Satyam katara","satyam.katara1620@gmail.com","Hindustan college of science and technology","Verified"
"Vaibhav jadaun","vaibhavjadaun1234@gmail.com","HINDUSTAN COLLEGE OF SCIENCE AND TECHNOLOGY","Verified"
"DUSHYANT SARASWAT","dushyantsaraswat716@gmail.com","B.S.A College of Engineering And Technology , Mathura","Verified"
"Anika Sharma","tanishksh33@gmail.com","Hindustan college of science and technology,  mathura","Verified"
"Arjun Sharma","sharmaarjun070406@gmail.com","Eshan College of Engineering, Farah, Mathura","Verified"
"Aribah Bakshi","aribahbakshi12@gmail.com","HINDUSTAN COLLEGE OF SCIENCE AND TECHNOLOGY","Verified"
"Ayushi Verma","ayushiverma8533@gmail.com","Hindustan College of Science and Technology","Verified"
"Nishkarsh Jain","jainnishkarsh2022@gmail.com","Hindustan college of science and technology","Verified"
"DIVYANSHI UPMAN","divyanshiupman2006@gmail.com","BSA College of Engineering and Technology, Mathura","Verified"
"Rajat kanyal","rajatkanyal2@gmail.com","HCST","Verified"
"Deepak Jain","deepakjain0320@gmail.com","Hindustan college of science and technology","Verified"
"Shubh Dubey","shubhdubey268@gmail.com","Hindustan college of science and technology","Verified"
"Suyash Gupta","guptasuyash1981@gmail.com","B.S.A.C.E.T","Verified"
"Bhoomi Gupta","bhoomigupta626@gmail.com","Hindustan College of Science and Technology","Verified"
"Neha Chahar","nehachahar2006@gmail.com","Hindustan college of science and technology","Verified"
"Ashi Agarwal","ashiagarwal1715@gmail.com","Hindustan College Of Science And Technology","Verified"
"Chirag Saxena","chiragsaxena012@gmail.com","Hindustan College of Science and Technology, Mathura","Verified"
"Mudra Dixit","mudradixit2@gmail.com","Hindustan College of science and technology","Verified"
"Zaid Khan","zaidkhanzuk@gmail.com","Hindustan college of science and technology","Verified"
"Mohini Yadav","mohiniyadav.bmr@gmail.com","Hindustan college of science and technology Farah mathura","Verified"
"Suhani Mudgal","mudgalsuhani2@gmail.com","Hindustan Collage Of Science And Technology","Verified"
"Aayushma Mishra","aayushmanm76@gmail.com","Hindustan college of science and technology","Verified"
"Anushka Agarwal","anushkaagarwal658@gmail.com","Hindustan College of Science and Technology","Verified"
"Shreyansh Kumar","shreyanshky10@gmail.com","Hindustan college of science and technology","Verified"
"Gaurvi jain","jainmanav410@gmail.com","HCST","Verified"
"Himanshi lalwani","himanshilalwaniwr@gmail.com","Hindustan college of science and technology","Verified"
"Aditya Saxena","adityasaxenasaxenaji045@gmail.com","Hindustan College of science and technology","Verified"
"Kushagra Atheya","atheyakushagra@gmail.com","HCST","Verified"
"Parmanand","paramnayak29@gmail.com","Hindustan College of Science & technology","Verified"
"Bandari Harshavardhan Reddy","bharshareddy08@gmail.com","Sir Padampat singhania University","Verified"
"Aditya Saxena","adityasaxena914@gmail.com","Hindustan College of Science and technology","Verified"
"HARSH SHARMA","harshsharma2074@gmail.com","Hindustan College of Science and Technology","Verified"
"Khushi Gupta","guptakhushi9837@gmail.com","Hindustan College of Science and Technology Farah Mathura","Verified"
"Saloni Sharma","prachigupta2002775@gmail.com","Hindustan college of science and technology","Verified"
"Gauri Saxena","gauri24042006@gmail.com","HCST","Verified"